DSP_autocor_c;10069;9377;1.073798;522.099;6114;-loop-rotate, -scalarrepl-ssa, -loop-reduce, -loop-unswitch, -sccp, -loop-idiom, -sink, -loop-deletion, -simplifycfg;9377;-domtree, -lowerswitch, -loop-rotate, -loop-rotate, -scalarrepl-ssa, -loop-reduce, -mergefunc, -loop-unswitch, -sccp, -strip-dead-prototypes, -loop-idiom, -sink, -basicaa, -reassociate, -dce, -targetlibinfo, -loop-deletion, -always-inline, -loop-unroll, -simplifycfg, -instcombine, -loop-simplify;22
DSP_autocor_c;10069;9384;1.072997;511.570;6113;-loop-rotate, -instcombine, -scalarrepl-ssa, -loop-reduce, -loop-unswitch, -sccp, -simplifycfg, -loop-idiom, -indvars, -sink;9384;-indvars, -loop-rotate, -jump-threading, -loop-rotate, -simplifycfg, -instcombine, -scalarrepl-ssa, -constprop, -loop-reduce, -loop-simplify, -licm, -reassociate, -loop-simplify, -loop-unswitch, -sccp, -dse, -simplifycfg, -scalarrepl-ssa, -loop-idiom, -reassociate, -globalopt, -indvars, -ipconstprop, -sink, -scalarrepl;25
DSP_autocor_c;10069;9368;1.074829;535.636;6130;-scalarrepl, -loop-reduce, -loop-rotate, -loop-unswitch, -gvn, -licm, -loop-idiom, -loop-deletion, -simplifycfg, -indvars, -instcombine;9368;-argpromotion, -scalarrepl, -memdep, -loop-reduce, -dse, -loop-rotate, -loop-rotate, -gvn, -loop-unswitch, -functionattrs, -gvn, -loop-unswitch, -die, -scalarrepl, -scalarrepl, -licm, -loop-idiom, -loop-deletion, -simplifycfg, -indvars, -instcombine, -lower-expect, -instsimplify, -adce;24
DSP_blk_eswap16_c;3664;3664;1.000000;275.140;4043;-scalarrepl, -loop-rotate, -indvars;3664;-scalarrepl, -loop-rotate, -indvars;3
DSP_blk_eswap16_c;3664;3664;1.000000;340.018;4638;-scalarrepl, -loop-rotate, -indvars;3664;-scalarrepl, -loop-rotate, -indvars;3
DSP_blk_eswap16_c;3664;3655;1.002462;459.625;5947;-instcombine, -scalarrepl, -licm, -loop-reduce, -loop-rotate, -gvn, -indvars;3655;-instcombine, -scalarrepl, -licm, -constmerge, -loop-reduce, -loop-rotate, -gvn, -indvars, -loop-unroll, -loop-instsimplify, -loop-accesses;10
DSP_blk_eswap32_c;3078;3076;1.000650;221.691;3286;-scalarrepl-ssa, -loop-rotate;3076;-scalarrepl-ssa, -loop-rotate;2
DSP_blk_eswap32_c;3078;3076;1.000650;236.479;3469;-loop-rotate, -scalarrepl-ssa;3076;-loop-rotate, -scalarrepl-ssa;2
DSP_blk_eswap32_c;3077.9999999999995;3065;1.004241;478.667;5961;-loop-rotate, -instcombine, -scalarrepl-ssa, -instsimplify, -licm, -codegenprepare, -ipsccp, -indvars, -licm, -early-cse;3065;-loop-rotate, -inline, -instcombine, -scalarrepl-ssa, -instsimplify, -licm, -codegenprepare, -ipsccp, -indvars, -indvars, -licm, -early-cse, -prune-eh;13
DSP_blk_eswap64_c;2800;2798;1.000715;217.609;3144;-loop-rotate, -scalarrepl-ssa;2798;-loop-rotate, -scalarrepl-ssa;2
DSP_blk_eswap64_c;2800;2798;1.000715;215.240;3069;-scalarrepl-ssa, -loop-rotate;2798;-scalarrepl-ssa, -loop-rotate;2
DSP_blk_eswap64_c;2800;2798;1.000715;249.708;3391;-loop-rotate, -scalarrepl-ssa;2798;-loop-rotate, -scalarrepl-ssa;2
DSP_blk_move_c;907;898;1.010022;355.833;4881;-loop-rotate, -instcombine, -scalarrepl-ssa, -indvars;898;-loop-rotate, -instcombine, -scalarrepl-ssa, -indvars;4
DSP_blk_move_c;907;898;1.010022;393.410;5279;-instcombine, -scalarrepl-ssa, -loop-rotate, -indvars;898;-instcombine, -scalarrepl-ssa, -loop-rotate, -indvars;4
DSP_blk_move_c;907;898;1.010022;355.614;4881;-instcombine, -scalarrepl-ssa, -loop-rotate, -indvars;898;-instcombine, -scalarrepl-ssa, -loop-rotate, -indvars;4
DSP_dotprod_c;827;827;1.000000;302.782;4440;-loop-rotate, -scalarrepl, -indvars;827;-loop-rotate, -scalarrepl, -indvars;3
DSP_dotprod_c;827;827;1.000000;272.511;4139;-scalarrepl-ssa, -loop-rotate, -indvars;827;-scalarrepl-ssa, -loop-rotate, -indvars;3
DSP_dotprod_c;827;827;1.000000;286.168;4099;-scalarrepl, -loop-rotate, -indvars;827;-scalarrepl, -loop-rotate, -indvars;3
DSP_dotp_sqr_c;2906;2906;1.000000;321.902;4725;-loop-rotate, -scalarrepl-ssa, -gvn, -indvars;2906;-loop-rotate, -scalarrepl-ssa, -gvn, -indvars;4
DSP_dotp_sqr_c;2906;2906;1.000000;355.399;5169;-loop-rotate, -scalarrepl, -indvars, -gvn;2906;-loop-rotate, -scalarrepl, -indvars, -gvn;4
DSP_dotp_sqr_c;2906;2906;1.000000;464.456;5153;-loop-rotate, -gvn, -instcombine, -indvars, -basicaa;2906;-loop-rotate, -gvn, -instcombine, -indvars, -basicaa;5
DSP_fir_cplx_c;8509;8262;1.029896;508.757;6031;-scalarrepl, -early-cse, -instcombine, -loop-rotate, -gvn, -loop-unswitch;8262;-scalarrepl, -early-cse, -instcombine, -functionattrs, -loop-instsimplify, -loop-rotate, -simplifycfg, -strip-dead-prototypes, -gvn, -instsimplify, -loop-unswitch, -inline;12
DSP_fir_cplx_c;8509;8260;1.030145;509.672;6072;-scalarrepl, -gvn, -loop-unswitch, -loop-rotate, -reassociate, -ipsccp;8260;-scalarrepl, -gvn, -loop-unswitch, -loop-rotate, -reassociate, -ipsccp;6
DSP_fir_cplx_c;8509;8277;1.028029;460.922;5806;-gvn, -licm, -loop-unswitch, -loop-rotate, -instcombine, -basicaa;8277;-gvn, -licm, -loop-unswitch, -loop-rotate, -instcombine, -basicaa, -lower-expect;7
DSP_firlms2_c;831;820;1.013415;369.317;4061;-scalarrepl, -loop-reduce, -loop-rotate;820;-scalarrepl, -loop-reduce, -loop-rotate;3
DSP_firlms2_c;831;820;1.013415;350.829;3778;-scalarrepl, -loop-reduce, -loop-rotate;820;-scalarrepl, -loop-reduce, -loop-rotate;3
DSP_firlms2_c;831.0000000000001;821;1.012180;285.856;3645;-loop-rotate, -scalarrepl-ssa;821;-loop-rotate, -scalarrepl-ssa;2
DSP_fltoq15_c;1015.0000000000001;967;1.049638;331.784;4229;-jump-threading, -scalarrepl, -loop-rotate;967;-jump-threading, -scalarrepl, -loop-rotate;3
DSP_fltoq15_c;1015.0000000000001;967;1.049638;312.098;4308;-loop-rotate, -jump-threading, -scalarrepl-ssa;967;-loop-rotate, -jump-threading, -scalarrepl-ssa;3
DSP_fltoq15_c;1015.0000000000001;967;1.049638;348.600;4251;-scalarrepl, -jump-threading, -loop-rotate;967;-scalarrepl, -jump-threading, -loop-rotate;3
DSP_mat_mul_c;53236;49724;1.070630;755.071;6123;-scalarrepl, -licm, -loop-rotate, -simplifycfg, -loop-unswitch, -loop-reduce, -codegenprepare, -simplifycfg, -loop-unswitch, -loop-reduce, -codegenprepare, -reassociate;49724;-reassociate, -no-aa, -scalarrepl, -licm, -indvars, -early-cse, -loop-rotate, -no-aa, -globaldce, -simplifycfg, -loweratomic, -globalopt, -loop-unswitch, -scalarrepl, -loop-reduce, -scalarrepl, -codegenprepare, -simplifycfg, -loweratomic, -globalopt, -loop-unswitch, -loweratomic, -loop-reduce, -codegenprepare, -reassociate;25
DSP_mat_mul_c;53235.99999999999;42583;1.250170;789.719;6159;-licm, -loop-rotate, -scalarrepl-ssa, -basicaa, -loop-unswitch, -simplifycfg, -reg2mem, -loop-rotate, -scalarrepl-ssa, -loop-reduce, -loop-rotate, -reg2mem, -loop-rotate, -scalarrepl-ssa, -loop-reduce, -loop-rotate, -reg2mem, -scalarrepl-ssa, -loop-reduce, -loop-rotate, -reg2mem, -scalarrepl-ssa, -loop-reduce, -loop-rotate, -reg2mem, -sink, -scalarrepl-ssa, -loop-rotate, -reg2mem, -sink, -loop-rotate, -scalarrepl-ssa, -simplifycfg, -loop-rotate, -loop-reduce, -early-cse, -loop-unswitch, -loop-unswitch, -globalopt, -loop-unswitch;44251;-partial-inliner, -globaldce, -licm, -die, -lazy-value-info, -loop-deletion, -loop-deletion, -argpromotion, -loop-rotate, -reg2mem, -loop-reduce, -scalarrepl-ssa, -always-inline, -lowerswitch, -dce, -always-inline, -memcpyopt, -simplifycfg, -tbaa, -basicaa, -deadargelim, -loop-unswitch, -memdep, -dce, -instsimplify, -correlated-propagation, -reassociate, -simplifycfg, -loweratomic, -scalarrepl-ssa, -simplifycfg, -loweratomic, -scalarrepl-ssa, -loop-rotate, -reg2mem, -sink, -loops, -scalar-evolution, -memcpyopt, -loop-rotate, -loop-reduce, -scalarrepl-ssa, -always-inline, -lowerswitch, -loop-reduce, -loop-rotate, -loop-rotate, -reg2mem, -sink, -loops, -scalar-evolution, -memcpyopt, -loop-rotate, -loop-reduce, -scalarrepl-ssa, -always-inline, -lowerswitch, -loop-reduce, -loop-rotate, -reg2mem, -sink, -loops, -scalar-evolution, -scalarrepl-ssa, -always-inline, -lowerswitch, -loop-reduce, -loop-rotate, -loop-rotate, -reg2mem, -sink, -loops, -scalar-evolution, -memcpyopt, -loop-rotate, -loop-reduce, -scalarrepl-ssa, -always-inline, -lowerswitch, -loop-reduce, -loop-rotate, -reg2mem, -sink, -loops, -scalar-evolution, -memcpyopt, -scalarrepl-ssa, -simplifycfg, -loweratomic, -scalarrepl-ssa, -loop-reduce, -loop-rotate, -reg2mem, -sink, -loops, -scalar-evolution, -memcpyopt, -loop-rotate, -loop-reduce, -scalarrepl-ssa, -always-inline, -simplifycfg, -codegenprepare, -loop-rotate, -loop-reduce, -early-cse, -scalar-evolution, -memcpyopt, -simplifycfg, -loop-unswitch, -lowerswitch, -mergereturn, -functionattrs, -memcpyopt, -simplifycfg, -loop-unswitch, -lowerswitch, -scalarrepl-ssa, -globalopt, -no-aa, -loop-unswitch, -jump-threading, -dse, -lowerinvoke, -loop-rotate, -scalarrepl;126
DSP_mat_mul_c;53236;42128;1.263673;1350.087;6142;-codegenprepare, -loop-rotate, -reg2mem, -scalarrepl-ssa, -loop-reduce, -loop-rotate, -reg2mem, -scalarrepl-ssa, -sink, -loop-rotate, -reg2mem, -scalarrepl-ssa, -loop-reduce, -loop-rotate, -reg2mem, -scalarrepl-ssa, -loop-reduce, -loop-rotate, -reg2mem, -scalarrepl-ssa, -loop-reduce, -loop-unswitch, -loop-rotate, -reg2mem, -scalarrepl-ssa, -loop-unswitch, -loop-reduce, -loop-rotate, -mergefunc, -loop-unswitch, -sink, -loop-unswitch, -loop-reduce, -licm, -loop-unswitch, -mergefunc, -loop-unswitch, -argpromotion, -loop-unswitch;42128;-codegenprepare, -ipsccp, -tbaa, -loop-rotate, -reg2mem, -memdep, -scalarrepl-ssa, -partial-inliner, -reassociate, -memcpyopt, -loop-reduce, -lcssa, -no-aa, -tailcallelim, -lcssa, -tbaa, -loop-rotate, -reg2mem, -memdep, -scalarrepl-ssa, -memdep, -scalarrepl-ssa, -partial-inliner, -reassociate, -mldst-motion, -sink, -always-inline, -loop-rotate, -reg2mem, -memdep, -scalarrepl-ssa, -partial-inliner, -reassociate, -memcpyopt, -loop-reduce, -lcssa, -tbaa, -loop-idiom, -mldst-motion, -always-inline, -loop-rotate, -reg2mem, -memdep, -scalarrepl-ssa, -partial-inliner, -reassociate, -memcpyopt, -loop-reduce, -lcssa, -no-aa, -tailcallelim, -strip-dead-prototypes, -loop-rotate, -always-inline, -loop-rotate, -reg2mem, -loop-unswitch, -scalarrepl-ssa, -partial-inliner, -reassociate, -memcpyopt, -loop-reduce, -lcssa, -no-aa, -tailcallelim, -licm, -memdep, -loop-unswitch, -lcssa, -no-aa, -tailcallelim, -mldst-motion, -always-inline, -loop-rotate, -reg2mem, -memdep, -scalarrepl-ssa, -partial-inliner, -reassociate, -memcpyopt, -loop-reduce, -lcssa, -no-aa, -tailcallelim, -licm, -memdep, -loop-unswitch, -functionattrs, -loop-reduce, -loop-rotate, -constprop, -mergefunc, -sink, -loop-unswitch, -sink, -loop-unswitch, -loop-reduce, -licm, -memdep, -loop-unswitch, -mergefunc, -sink, -loop-unswitch, -argpromotion, -loop-unswitch, -constprop, -deadargelim;107
DSP_mat_trans_c;14152.000000000002;10539;1.342822;2560.064;6137;-loop-rotate, -scalarrepl, -licm, -loop-reduce, -strip-dead-prototypes, -jump-threading, -loop-unswitch, -loop-extract, -loop-reduce, -loop-rotate, -mergefunc, -loop-extract, -loop-reduce, -loop-rotate, -loop-extract, -loop-reduce, -loop-rotate, -loop-extract, -loop-reduce, -loop-rotate, -loop-extract, -loop-reduce, -loop-rotate, -loop-extract, -loop-reduce, -loop-rotate, -loop-extract, -loop-reduce, -loop-rotate, -loop-extract, -loop-reduce, -loop-unswitch, -loop-rotate, -strip-dead-prototypes, -loop-unroll, -loop-unswitch, -loop-unswitch, -loop-extract, -loop-reduce, -loop-rotate, -loop-deletion, -argpromotion, -loop-extract, -loop-unswitch;10594;-memdep, -ipsccp, -loop-idiom, -indvars, -loop-rotate, -mergefunc, -scalarrepl, -loops, -sink, -licm, -loop-unroll, -loop-reduce, -loop-simplify, -strip-dead-prototypes, -scalarrepl, -memcpyopt, -loop-unswitch, -jump-threading, -memcpyopt, -loop-unswitch, -loop-unroll, -loop-unroll, -loop-extract, -loop-reduce, -loop-rotate, -mergefunc, -jump-threading, -memcpyopt, -loop-unswitch, -loop-unroll, -loop-unroll, -loop-extract, -loop-reduce, -loop-rotate, -mergefunc, -lazy-value-info, -loop-deletion, -memcpyopt, -globaldce, -loop-unroll, -loop-unroll, -loop-unroll, -loop-extract, -loop-reduce, -lazy-value-info, -lowerinvoke, -loop-unroll, -lazy-value-info, -globaldce, -loop-unroll, -loop-unroll, -loop-unroll, -loop-extract, -loop-reduce, -loop-rotate, -mergefunc, -scalarrepl, -loop-extract, -loop-reduce, -loop-rotate, -mergefunc, -loop-unroll, -loop-extract, -loop-reduce, -loop-unroll, -loop-extract, -loop-reduce, -loop-unroll, -loop-extract, -loop-reduce, -loop-rotate, -mergefunc, -scalarrepl, -loop-extract, -loop-reduce, -loop-rotate, -mergefunc, -scalarrepl, -loop-unroll, -lazy-value-info, -globaldce, -loop-unroll, -loop-unroll, -loop-unroll, -loop-extract, -loop-reduce, -loop-rotate, -mergefunc, -scalarrepl, -loop-extract, -loop-reduce, -loop-rotate, -mergefunc, -scalarrepl, -loops, -targetlibinfo, -loop-deletion, -memcpyopt, -loop-unswitch, -loop-unroll, -loop-rotate, -loop-unroll, -loop-unroll, -loop-simplify, -strip-dead-prototypes, -loop-unroll, -memdep, -loop-unswitch, -targetlibinfo, -loop-deletion, -loops, -loop-unswitch, -loop-unroll, -loop-unroll, -loop-extract, -loop-reduce, -loop-rotate, -mergefunc, -scalarrepl, -loop-deletion, -argpromotion, -strip-dead-prototypes, -scalar-evolution, -globaldce, -loop-unroll, -loop-extract, -loop-unswitch;127
DSP_mat_trans_c;14152.000000000002;14028;1.008839;517.719;6084;-loop-rotate, -scalarrepl-ssa, -loop-unswitch, -simplifycfg, -loop-deletion, -indvars;14028;-loop-rotate, -sccp, -sink, -scalarrepl-ssa, -loop-unswitch, -loop-unswitch, -simplifycfg, -targetlibinfo, -mergefunc, -loop-deletion, -indvars, -licm, -correlated-propagation;13
DSP_mat_trans_c;14152.000000000002;14028;1.008839;448.132;5552;-scalarrepl, -loop-rotate, -loop-unswitch, -simplifycfg, -loop-deletion, -indvars;14028;-scalarrepl, -loop-rotate, -loop-unswitch, -simplifycfg, -loop-deletion, -indvars;6
DSP_maxidx_c;1666;1097;1.518687;217.265;3858;-loop-rotate, -scalarrepl-ssa;1097;-loop-rotate, -scalarrepl-ssa;2
DSP_maxidx_c;1666;1097;1.518687;185.604;3381;-loop-rotate, -scalarrepl-ssa;1097;-loop-rotate, -scalarrepl-ssa;1
DSP_maxidx_c;1666;1086;1.534070;332.755;5676;-loop-rotate, -basicaa, -licm, -loop-reduce, -scalarrepl-ssa;1086;-loop-rotate, -basicaa, -licm, -loop-reduce, -scalarrepl-ssa;5
DSP_maxval_c;1280;1082;1.182994;179.223;3232;-scalarrepl-ssa, -loop-rotate;1082;-scalarrepl-ssa, -loop-rotate;2
DSP_maxval_c;1280;1082;1.182994;190.851;3474;-scalarrepl-ssa, -loop-rotate;1082;-scalarrepl-ssa, -loop-rotate;2
DSP_maxval_c;1280;1082;1.182994;175.151;3237;-loop-rotate, -scalarrepl;1082;-loop-rotate, -scalarrepl;2
DSP_minerror_c;25844;25834;1.000387;418.557;5273;-scalarrepl, -loop-rotate, -indvars, -loop-reduce, -loop-unroll;25834;-scalarrepl, -loop-rotate, -indvars, -loop-reduce, -loop-unroll;5
DSP_minerror_c;25844;25834;1.000387;428.702;5523;-scalarrepl, -loop-reduce, -indvars, -loop-rotate, -loop-unroll;25834;-scalarrepl, -loop-reduce, -indvars, -loop-rotate, -loop-unroll;5
DSP_minerror_c;25844;25834;1.000387;428.555;5442;-scalarrepl-ssa, -indvars, -loop-reduce, -loop-rotate, -loop-unroll;25834;-scalarrepl-ssa, -indvars, -loop-reduce, -loop-rotate, -loop-unroll;5
DSP_minval_c;1285;1079;1.190918;319.247;5088;-scalarrepl-ssa, -loop-rotate, -indvars;1079;-scalarrepl-ssa, -loop-rotate, -indvars;3
DSP_minval_c;1285;1079;1.190918;270.553;4355;-loop-rotate, -scalarrepl-ssa, -indvars;1079;-loop-rotate, -scalarrepl-ssa, -indvars;3
DSP_minval_c;1285;1079;1.190918;234.385;4097;-loop-rotate, -scalarrepl, -indvars;1079;-loop-rotate, -scalarrepl, -indvars;3
DSP_mul32_c;10567;10567;1.000000;295.127;4291;-scalarrepl, -loop-rotate, -indvars;10567;-scalarrepl, -loop-rotate, -indvars;3
DSP_mul32_c;10567;10567;1.000000;318.327;4694;-loop-rotate, -scalarrepl-ssa, -indvars;10567;-loop-rotate, -scalarrepl-ssa, -indvars;3
DSP_mul32_c;10567;10567;1.000000;253.870;3832;-loop-rotate, -scalarrepl, -indvars;10567;-loop-rotate, -scalarrepl, -indvars;3
DSP_neg32_c;17;17;1.000000;223.903;3723;-scalarrepl, -inline;17;-scalarrepl, -inline;2
DSP_neg32_c;17;17;1.000000;181.457;3081;-scalarrepl, -inline;17;-scalarrepl, -inline;2
DSP_neg32_c;17;17;1.000000;182.997;3112;-inline, -sroa;17;-inline, -sroa;1
DSP_q15tofl_c;676;676;1.000000;244.993;4327;-loop-rotate, -instcombine, -scalarrepl, -indvars;676;-loop-rotate, -instcombine, -scalarrepl, -indvars;4
DSP_q15tofl_c;676;676;1.000000;288.307;5035;-scalarrepl-ssa, -loop-rotate, -indvars, -instcombine;676;-scalarrepl-ssa, -loop-rotate, -indvars, -instcombine, -loop-unswitch;4
DSP_q15tofl_c;676;676;1.000000;287.572;4981;-loop-rotate, -scalarrepl-ssa, -indvars, -instcombine;676;-loop-rotate, -scalarrepl-ssa, -indvars, -instcombine;4
DSP_vecsumsq_c;3887.9999999999995;3887;1.000257;197.545;3380;-loop-rotate, -scalarrepl-ssa;3887;-loop-rotate, -scalarrepl-ssa;2
DSP_vecsumsq_c;3887.9999999999995;3887;1.000257;177.246;3144;-scalarrepl, -loop-rotate;3887;-scalarrepl, -loop-rotate;2
DSP_vecsumsq_c;3887.9999999999995;3887;1.000257;220.593;3635;-loop-rotate, -scalarrepl-ssa;3887;-loop-rotate, -scalarrepl-ssa;2
DSP_w_vec_c;6190;6190;1.000000;273.038;4365;-loop-rotate, -scalarrepl, -indvars;6190;-loop-rotate, -scalarrepl, -indvars;3
DSP_w_vec_c;6190;6190;1.000000;286.348;4549;-loop-rotate, -scalarrepl, -indvars;6190;-loop-rotate, -scalarrepl, -indvars;3
DSP_w_vec_c;6190;6190;1.000000;280.532;4424;-scalarrepl, -loop-rotate, -indvars;6190;-scalarrepl, -loop-rotate, -indvars;3
IMG_boundary_c;9320;9318;1.000215;484.293;6050;-loop-rotate, -scalarrepl, -licm, -partial-inliner, -loop-unswitch, -ipsccp, -loop-deletion;9318;-loop-rotate, -die, -scalarrepl, -licm, -partial-inliner, -loop-unswitch, -ipsccp, -ipsccp, -loop-deletion, -constprop, -lowerswitch;11
IMG_boundary_c;9320;9318;1.000215;478.785;5777;-loop-rotate, -scalarrepl-ssa, -ipconstprop, -loop-unswitch, -ipsccp, -licm, -loop-deletion;9318;-loop-rotate, -scalarrepl-ssa, -ipconstprop, -loop-unswitch, -ipsccp, -licm, -loop-deletion, -loop-rotate;8
                                                                                                                                                                                                                                                                                                                                       IMG_boundary_c;9320;9318;1.000215;478.081;6014;-scalarrepl-ssa, -loop-rotate, -prune-eh, -loop-unswitch, -licm, -ipsccp, -loop-deletion;9318;-deadargelim, -scalarrepl-ssa, -loop-rotate, -prune-eh, -loop-unswitch, -licm, -domtree, -ipsccp, -loop-deletion;9
IMG_boundary_c;9320;9318;1.000215;497.432;6088;-loop-rotate, -scalarrepl-ssa, -ipsccp, -loop-unswitch, -sccp, -loop-deletion, -licm;9318;-scalar-evolution, -loop-rotate, -scalarrepl-ssa, -ipsccp, -loop-unswitch, -sccp, -loop-unswitch, -loop-deletion, -licm;9
IMG_boundary_c;9320;9318;1.000215;493.408;5588;-scalarrepl, -loop-rotate, -sccp, -loop-unswitch, -sccp, -loop-deletion, -licm;9318;-scalarrepl, -loop-rotate, -sccp, -loop-unswitch, -sccp, -loop-deletion, -licm;7
IMG_conv_3x3_c;25269;23984;1.053577;500.381;5896;-loop-rotate, -scalarrepl-ssa, -loop-reduce, -loop-unroll, -gvn, -slsr;23984;-loop-unroll, -loop-rotate, -lowerswitch, -scalarrepl-ssa, -loop-reduce, -loop-unroll, -gvn, -slsr, -loop-rotate;9
IMG_conv_3x3_c;25268.999999999996;24750;1.020970;510.741;6025;-scalarrepl-ssa, -loop-rotate, -loop-unroll, -jump-threading;24750;-correlated-propagation, -lower-expect, -scalarrepl-ssa, -loop-rotate, -licm, -loop-unroll, -prune-eh, -jump-threading, -instcombine;9
IMG_conv_3x3_c;25268.999999999996;24750;1.020970;445.605;5625;-scalarrepl-ssa, -loop-rotate, -loop-unroll, -jump-threading;24750;-scalarrepl-ssa, -loop-rotate, -loop-unroll, -jump-threading;4
IMG_corr_gen_c;128110;119581;1.071324;852.655;6076;-loop-rotate, -sroa, -loop-unswitch, -loop-reduce, -instcombine, -licm, -gvn;119581;-loop-rotate, -sroa, -loop-unswitch, -loop-reduce, -scalarrepl, -instcombine, -licm, -argpromotion, -gvn, -loop-unswitch;10
IMG_corr_gen_c;128110.00000000001;77445;1.654206;1284.622;6141;-loop-rotate, -scalarrepl, -loop-unswitch, -instcombine, -loop-reduce, -gvn, -mergefunc, -loop-extract, -sink, -loop-rotate, -partial-inliner, -loop-unswitch, -loop-extract, -loop-reduce, -instcombine, -loop-rotate, -partial-inliner, -loop-unswitch, -loop-extract, -loop-reduce, -loop-rotate, -partial-inliner, -loop-unswitch, -loop-extract, -loop-reduce, -simplifycfg, -loop-extract, -loop-reduce, -ipsccp, -sink, -loop-rotate, -licm, -simplifycfg, -loop-extract, -loop-unswitch, -loop-reduce, -loop-extract, -instcombine, -loop-rotate, -loop-extract, -loop-reduce, -instcombine, -loop-rotate, -loop-extract;77481;-instsimplify, -domtree, -loop-rotate, -partial-inliner, -deadargelim, -licm, -scalarrepl, -constprop, -basicaa, -correlated-propagation, -dse, -loop-unswitch, -scalar-evolution, -instcombine, -sink, -loop-reduce, -gvn, -prune-eh, -scalarrepl, -mergefunc, -loop-extract, -basicaa, -instcombine, -sink, -always-inline, -loop-rotate, -partial-inliner, -loop-unswitch, -loop-extract, -basicaa, -loop-reduce, -always-inline, -basicaa, -instcombine, -sink, -always-inline, -loop-rotate, -partial-inliner, -loop-unswitch, -loop-extract, -basicaa, -loop-reduce, -always-inline, -loop-rotate, -loop-reduce, -partial-inliner, -loop-unswitch, -loop-extract, -basicaa, -loop-reduce, -ipsccp, -jump-threading, -sink, -licm, -lcssa, -simplifycfg, -loop-extract, -basicaa, -loop-reduce, -ipsccp, -jump-threading, -sink, -licm, -lcssa, -simplifycfg, -domtree, -loop-rotate, -licm, -lcssa, -simplifycfg, -loop-extract, -basicaa, -loop-unswitch, -scalar-evolution, -loop-reduce, -loop-extract, -partial-inliner, -tbaa, -instcombine, -sink, -always-inline, -loop-rotate, -loop-reduce, -partial-inliner, -sink, -loop-rotate, -loop-rotate, -loop-reduce, -partial-inliner, -loop-unswitch, -loop-extract, -basicaa, -loop-unswitch, -scalar-evolution, -loop-reduce, -loop-extract, -partial-inliner, -tbaa, -instcombine, -sink, -always-inline, -loop-rotate, -loop-reduce, -partial-inliner, -loop-unswitch, -loop-extract, -basicaa, -gvn;108
IMG_corr_gen_c;128110;119581;1.071324;854.364;6014;-loop-rotate, -instcombine, -scalarrepl-ssa, -loop-reduce, -loop-unswitch, -gvn, -licm;119581;-loop-rotate, -instcombine, -scalarrepl-ssa, -loop-reduce, -tbaa, -loop-unswitch, -gvn, -licm, -mergereturn, -basicaa;10
IMG_dilate_bin_c;5436;5435;1.000184;338.253;4994;-loop-instsimplify, -gvn, -simplifycfg, -basicaa, -instcombine, -loop-rotate;5435;-loop-instsimplify, -gvn, -simplifycfg, -basicaa, -instcombine, -loop-rotate;6
IMG_dilate_bin_c;5436;5435;1.000184;414.741;5832;-loop-rotate, -instcombine, -gvn, -simplifycfg, -basicaa, -instcombine;5435;-loop-rotate, -instcombine, -gvn, -simplifycfg, -basicaa, -instcombine, -irce;7
IMG_dilate_bin_c;5436;5435;1.000184;416.868;5916;-instsimplify, -gvn, -basicaa, -loop-rotate, -simplifycfg, -instcombine;5435;-instsimplify, -gvn, -basicaa, -loop-unroll, -loop-rotate, -ipsccp, -simplifycfg, -instcombine;8
IMG_erode_bin_c;4186;4186;1.000000;302.480;4589;-scalarrepl, -loop-instsimplify, -loop-rotate, -simplifycfg;4186;-scalarrepl, -loop-instsimplify, -loop-rotate, -simplifycfg;4
IMG_erode_bin_c;4186;4186;1.000000;304.090;4813;-instsimplify, -scalarrepl-ssa, -simplifycfg, -loop-rotate;4186;-instsimplify, -scalarrepl-ssa, -simplifycfg, -loop-rotate;4
IMG_erode_bin_c;4186;4186;1.000000;299.960;4611;-scalarrepl, -instsimplify, -simplifycfg, -loop-rotate;4186;-scalarrepl, -instsimplify, -simplifycfg, -loop-rotate;4
IMG_fdct_8x8_c;20141;16475;1.222519;634.507;6130;-instcombine, -scalarrepl-ssa, -loop-rotate, -gvn, -instcombine, -indvars, -loop-reduce, -reg2mem, -gvn, -scalarrepl, -loop-rotate, -loop-reduce;16475;-instcombine, -scalarrepl-ssa, -no-aa, -loop-rotate, -scalar-evolution, -gvn, -loop-deletion, -instcombine, -adce, -tailcallelim, -scalarrepl, -indvars, -adce, -basiccg, -early-cse, -loop-reduce, -no-aa, -lowerswitch, -loweratomic, -reg2mem, -targetlibinfo, -gvn, -scalarrepl, -lowerinvoke, -loweratomic, -loop-rotate, -basiccg, -loop-simplify, -loop-reduce, -no-aa, -lowerswitch, -constmerge, -globalopt;33
IMG_fdct_8x8_c;20141;16867;1.194107;595.378;6132;-instcombine, -early-cse, -scalarrepl, -jump-threading, -loop-rotate, -instcombine, -indvars, -early-cse, -loop-reduce;16867;-constprop, -instcombine, -targetlibinfo, -early-cse, -scalarrepl, -jump-threading, -loop-rotate, -instcombine, -constprop, -indvars, -die, -constprop, -loop-simplify, -early-cse, -loop-unswitch, -loop-reduce, -mergereturn, -die, -loop-rotate;19
IMG_fdct_8x8_c;20141;16677;1.207711;646.776;6150;-instcombine, -scalarrepl, -instcombine, -indvars, -loop-rotate, -gvn, -loop-reduce, -tailcallelim, -loop-reduce, -lowerinvoke, -loop-reduce;16677;-instsimplify, -instcombine, -constprop, -loop-deletion, -scev-aa, -scalarrepl, -instcombine, -dce, -basicaa, -indvars, -licm, -memdep, -loop-rotate, -gvn, -dce, -basicaa, -loop-reduce, -memcpyopt, -lower-expect, -tailcallelim, -loop-reduce, -lowerinvoke, -loop-reduce, -constprop, -prune-eh, -argpromotion, -lazy-value-info, -loop-deletion;28
IMG_idct_8x8_12q4_c;24267.999999999996;21872;1.109546;581.221;5805;-early-cse, -loop-rotate, -scalarrepl, -loop-reduce, -indvars, -instcombine, -loop-reduce;21872;-early-cse, -loop-rotate, -scalarrepl, -loop-reduce, -indvars, -instcombine, -loop-reduce;7
IMG_idct_8x8_12q4_c;24267.999999999996;21872;1.109546;675.190;6069;-early-cse, -scalarrepl, -instcombine, -early-cse, -loop-reduce, -loop-rotate, -indvars;21872;-early-cse, -lowerswitch, -scalarrepl, -lowerswitch, -instcombine, -globaldce, -early-cse, -loop-deletion, -prune-eh, -loop-reduce, -deadargelim, -loop-rotate, -deadargelim, -indvars;14
IMG_idct_8x8_12q4_c;24267.999999999996;21872;1.109546;601.400;6064;-early-cse, -scalarrepl, -loop-rotate, -loop-reduce, -indvars, -loop-reduce, -instcombine;21872;-early-cse, -early-cse, -scalarrepl, -loop-rotate, -loop-reduce, -lint, -indvars, -loop-reduce, -instcombine, -loops;10
IMG_mad_8x8_c;10132;9857;1.027899;444.823;6007;-gvn, -indvars, -loop-rotate, -reassociate, -instcombine, -loop-reduce, -loop-unswitch, -loop-unroll, -basicaa;9857;-gvn, -indvars, -memdep, -loop-rotate, -reassociate, -instcombine, -loop-reduce, -licm, -memdep, -loop-unroll, -licm, -loop-unswitch, -targetlibinfo, -loop-unroll, -prune-eh, -basicaa, -memdep, -no-aa;18
IMG_mad_8x8_c;10132;9852;1.028421;486.166;6061;-scalarrepl-ssa, -indvars, -loop-reduce, -reassociate, -loop-unswitch, -loop-rotate, -instcombine, -loop-unroll, -loop-deletion;9852;-scalarrepl-ssa, -indvars, -globaldce, -loop-reduce, -reassociate, -loop-unswitch, -loop-rotate, -dce, -instcombine, -loop-unroll, -memdep, -loop-deletion;12
IMG_mad_8x8_c;10132;9859;1.027690;483.062;6077;-scalarrepl-ssa, -reassociate, -loop-rotate, -instcombine, -loop-reduce, -loop-unswitch, -sccp, -loop-unroll, -loop-deletion, -indvars;9859;-scalarrepl-ssa, -prune-eh, -reassociate, -loop-rotate, -early-cse, -mergereturn, -tbaa, -indvars, -loops, -instcombine, -loop-simplify, -loop-reduce, -licm, -loop-unswitch, -sccp, -deadargelim, -loop-unroll, -lcssa, -loop-deletion, -memdep, -indvars, -gvn;22
IMG_median_3x3_c;35291;30278;1.165566;223.202;2930;-loop-rotate, -scalarrepl;30278;-loop-rotate, -scalarrepl;2
IMG_median_3x3_c;35291;30278;1.165566;242.477;3197;-loop-rotate, -scalarrepl;30278;-loop-rotate, -scalarrepl;2
IMG_median_3x3_c;35291;30278;1.165566;293.410;3686;-loop-rotate, -scalarrepl;30278;-loop-rotate, -scalarrepl;2
IMG_perimeter_c;40037;28290;1.415235;351.315;4361;-early-cse, -loop-rotate, -scalarrepl-ssa;28290;-early-cse, -loop-rotate, -scalarrepl-ssa;3
IMG_perimeter_c;40037;26415;1.515692;458.248;5434;-early-cse, -loop-rotate, -basicaa, -licm, -gvn;26415;-early-cse, -loop-rotate, -basicaa, -licm, -gvn;5
IMG_perimeter_c;40037;26415;1.515692;477.529;5608;-basicaa, -early-cse, -loop-rotate, -licm, -gvn;26415;-basicaa, -early-cse, -loop-rotate, -licm, -gvn;5
IMG_pix_expand_c;12323;11306;1.089952;262.762;3566;-loop-rotate, -mem2reg;11306;-loop-rotate, -mem2reg;1
IMG_pix_expand_c;12323;11306;1.089952;250.555;3308;-loop-rotate, -scalarrepl-ssa;11306;-loop-rotate, -scalarrepl-ssa;1
IMG_pix_expand_c;12323;11306;1.089952;293.342;3710;-loop-rotate, -scalarrepl-ssa;11306;-loop-rotate, -scalarrepl-ssa;2
IMG_pix_sat_c;22589.000000000004;21567;1.047387;266.343;3494;-scalarrepl, -loop-rotate;21567;-scalarrepl, -loop-rotate;2
IMG_pix_sat_c;22589.000000000004;21567;1.047387;269.471;3408;-scalarrepl-ssa, -loop-rotate;21567;-scalarrepl-ssa, -loop-rotate;2
IMG_pix_sat_c;22589.000000000004;21567;1.047387;238.611;3130;-loop-rotate, -scalarrepl;21567;-loop-rotate, -scalarrepl;2
IMG_quantize_c;2008;2008;1.000000;358.209;5642;-loop-rotate, -scalarrepl, -instcombine, -indvars, -early-cse;2008;-loop-rotate, -scalarrepl, -instcombine, -indvars, -early-cse;5
IMG_quantize_c;2008;2008;1.000000;350.826;5363;-sroa, -loop-rotate, -instcombine, -indvars, -gvn;2008;-sroa, -loop-rotate, -instcombine, -indvars, -gvn, -prune-eh;6
IMG_quantize_c;2008;2008;1.000000;352.831;5560;-loop-rotate, -scalarrepl, -indvars, -instcombine, -gvn;2008;-loop-rotate, -scalarrepl, -indvars, -instcombine, -gvn;5
IMG_sad_16x16_c;4643;3039;1.527805;486.587;6020;-scalarrepl-ssa, -loop-reduce, -reassociate, -loop-rotate, -loop-unroll, -codegenprepare, -instcombine;3039;-scalarrepl-ssa, -loop-reduce, -reassociate, -loop-rotate, -loop-unroll, -codegenprepare, -instcombine, -dse;8
IMG_sad_16x16_c;4643;3039;1.527805;440.436;5925;-loop-rotate, -scalarrepl-ssa, -loop-reduce, -reassociate, -loop-unroll, -codegenprepare, -instcombine;3039;-loop-rotate, -scalarrepl, -scalarrepl-ssa, -loop-reduce, -reassociate, -loop-unroll, -codegenprepare, -instcombine, -functionattrs;9
IMG_sad_16x16_c;4643;3041;1.526800;489.672;6079;-scalarrepl, -loop-reduce, -indvars, -reassociate, -loop-rotate, -loop-unroll, -loop-reduce, -instcombine;3041;-loop-unroll, -scalarrepl, -loop-reduce, -scalar-evolution, -indvars, -reassociate, -lcssa, -loop-rotate, -loop-unroll, -scalarrepl, -loop-reduce, -strip-dead-prototypes, -instcombine;13
IMG_sad_8x8_c;878;877;1.001140;452.123;6084;-instcombine, -reassociate, -scalarrepl-ssa, -loop-rotate, -loop-reduce, -loop-unroll, -codegenprepare;877;-instcombine, -reassociate, -scalarrepl-ssa, -loop-rotate, -constprop, -loop-reduce, -instcombine, -loop-unroll, -loop-idiom, -codegenprepare;10
IMG_sad_8x8_c;878;878;1.000000;379.292;5624;-loop-rotate, -instcombine, -reassociate, -scalarrepl, -loop-unroll;878;-loop-rotate, -instcombine, -reassociate, -scalarrepl, -loop-unroll;5
IMG_sad_8x8_c;878;878;1.000000;373.098;5516;-scalarrepl-ssa, -loop-rotate, -reassociate, -instcombine, -loop-unroll;878;-scalarrepl-ssa, -loop-rotate, -reassociate, -instcombine, -loop-unroll;5
IMG_sobel_c;14187.000000000002;12910;1.098916;558.926;5846;-reassociate, -reassociate, -loop-rotate, -scalarrepl, -indvars, -simplifycfg, -instcombine;12910;-reassociate, -reassociate, -loop-rotate, -scalarrepl, -indvars, -simplifycfg, -instcombine;7
IMG_sobel_c;14187;12793;1.108966;427.904;5696;-reassociate, -scalarrepl, -early-cse, -loop-rotate, -reassociate, -instcombine;12793;-reassociate, -scalarrepl, -early-cse, -loop-rotate, -reassociate, -instcombine, -loop-simplify;7
IMG_sobel_c;14187.000000000002;12910;1.098916;484.406;5886;-loop-rotate, -scalarrepl, -reassociate, -reassociate, -simplifycfg, -instcombine, -indvars;12910;-loop-rotate, -scalarrepl, -simplifycfg, -reassociate, -reassociate, -simplifycfg, -instcombine, -indvars;8
IMG_wave_horz_c;99866;99454;1.004143;857.874;6105;-gvn, -loop-rotate, -loop-unroll, -indvars, -instcombine, -jump-threading, -basicaa, -structurizecfg, -gvn, -jump-threading, -loop-reduce;99454;-jump-threading, -gvn, -loop-rotate, -loop-unroll, -mergereturn, -indvars, -instcombine, -gvn, -adce, -jump-threading, -functionattrs, -bounds-checking, -gvn, -basicaa, -loop-instsimplify, -structurizecfg, -gvn, -prune-eh, -jump-threading, -loop-reduce, -loop-simplify;21
IMG_wave_horz_c;99865.99999999999;99580;1.002872;848.830;6050;-loop-rotate, -gvn, -indvars, -jump-threading, -loop-unroll, -basicaa, -instcombine, -early-cse, -indvars;99580;-loop-rotate, -lowerinvoke, -gvn, -inline, -domtree, -indvars, -loop-rotate, -jump-threading, -memcpyopt, -instsimplify, -die, -loop-unroll, -basicaa, -instcombine, -loop-instsimplify, -early-cse, -domtree, -indvars;18
IMG_wave_horz_c;99865.99999999999;99724;1.001424;834.536;6111;-reassociate, -loop-rotate, -gvn, -scalarrepl-ssa, -loop-unroll, -ipsccp, -instcombine, -gvn, -indvars, -simplifycfg, -loop-simplify, -early-cse;99724;-mergereturn, -licm, -reassociate, -correlated-propagation, -loops, -loop-rotate, -gvn, -lazy-value-info, -scalarrepl-ssa, -licm, -scalarrepl-ssa, -licm, -loop-unroll, -mergereturn, -lcssa, -ipsccp, -instcombine, -lazy-value-info, -gvn, -lowerinvoke, -indvars, -lcssa, -simplifycfg, -loop-simplify, -early-cse;25
IMG_wave_vert_c;5185;5164;1.004067;442.747;5975;-loop-rotate, -gvn, -basicaa, -scalarrepl, -indvars, -jump-threading, -loop-simplify, -early-cse, -loop-unroll;5164;-loop-rotate, -gvn, -basicaa, -scalarrepl, -indvars, -jump-threading, -loop-simplify, -early-cse, -loop-unroll, -ipsccp;10
IMG_wave_vert_c;5185;5164;1.004067;480.743;5897;-loop-rotate, -scalarrepl, -loop-unroll, -gvn, -jump-threading, -indvars, -gvn;5164;-loop-rotate, -scalarrepl, -mergereturn, -loop-unroll, -gvn, -jump-threading, -indvars, -gvn, -correlated-propagation;9
IMG_wave_vert_c;5185;5164;1.004067;454.144;5989;-loop-rotate, -scalarrepl-ssa, -gvn, -indvars, -simplifycfg, -loop-unroll, -gvn;5164;-loop-rotate, -scalarrepl-ssa, -gvn, -indvars, -simplifycfg, -lower-expect, -loop-unroll, -gvn;8
IMG_ycbcr422p_rgb565_c;5010;4427;1.131692;417.263;5799;-loop-rotate, -basicaa, -licm, -loop-reduce, -licm, -loop-reduce, -sink, -scalarrepl;4427;-loop-rotate, -basicaa, -licm, -loop-reduce, -licm, -loop-reduce, -sink, -scalarrepl, -domtree;9
IMG_ycbcr422p_rgb565_c;5010;4483;1.117555;257.678;3935;-scalarrepl, -sink, -loop-rotate;4483;-scalarrepl, -sink, -loop-rotate;3
IMG_ycbcr422p_rgb565_c;5010;4483;1.117555;284.366;4301;-loop-rotate, -scalarrepl-ssa, -sink;4483;-loop-rotate, -scalarrepl-ssa, -sink;3
IMG_yc_demux_be16_c;578;578;1.000000;285.756;4431;-scalarrepl-ssa, -loop-rotate, -indvars;578;-scalarrepl-ssa, -loop-rotate, -indvars;3
IMG_yc_demux_be16_c;578;574;1.006969;443.245;6030;-instcombine, -licm, -loop-reduce, -basicaa, -scalarrepl, -loop-rotate, -indvars;574;-ipconstprop, -instcombine, -licm, -dse, -loop-reduce, -basicaa, -scalarrepl, -loop-rotate, -indvars, -instcombine, -mergefunc, -inline;12
IMG_yc_demux_be16_c;578;578;1.000000;319.694;4972;-scalarrepl-ssa, -loop-rotate, -indvars;578;-scalarrepl-ssa, -loop-rotate, -indvars;3
IMG_yc_demux_le16_c;578;578;1.000000;289.851;4474;-scalarrepl, -loop-rotate, -indvars;578;-scalarrepl, -loop-rotate, -indvars;3
IMG_yc_demux_le16_c;578;578;1.000000;274.290;4190;-scalarrepl, -loop-rotate, -indvars;578;-scalarrepl, -loop-rotate, -indvars;3
IMG_yc_demux_le16_c;578;561;1.030303;363.763;5592;-scalarrepl-ssa, -reassociate, -slsr, -loop-rotate, -indvars;561;-scalarrepl-ssa, -reassociate, -slsr, -loop-rotate, -indvars;5
