DSP_autocor_c;10069;9368;1.074829;528.397;6136;-loop-rotate, -scalarrepl-ssa, -indvars, -loop-reduce, -mergereturn, -loop-unswitch, -jump-threading, -gvn, -loop-idiom, -simplifycfg, -loop-deletion, -instcombine;9368;-lowerswitch, -loop-rotate, -scalarrepl-ssa, -indvars, -load-combine, -die, -loop-reduce, -strip-nondebug, -mergereturn, -loop-unswitch, -inline, -jump-threading, -gvn, -indvars, -loop-idiom, -globaldce, -simplifycfg, -scalarrepl-ssa, -prune-eh, -loop-deletion, -instcombine, -domtree, -early-cse, -lazy-value-info, -early-cse, -sccp;26
DSP_autocor_c;10069;9377;1.073798;541.829;6133;-loop-rotate, -simplifycfg, -scalarrepl-ssa, -loop-reduce, -loop-unswitch, -ipsccp, -loop-idiom, -loop-deletion, -gvn, -loop-reduce, -simplifycfg;9377;-loop-rotate, -simplifycfg, -dce, -no-aa, -scalarrepl-ssa, -loops, -loop-reduce, -instcombine, -scalar-evolution, -basicaa, -memcpyopt, -loop-unswitch, -prune-eh, -scalar-evolution, -always-inline, -ipsccp, -scalarrepl-ssa, -partial-inliner, -globalopt, -loop-idiom, -dse, -loop-deletion, -gvn, -loop-reduce, -loop-rotate, -simplifycfg;26
DSP_autocor_c;10069;9389;1.072425;408.709;5311;-loop-rotate, -scalarrepl-ssa, -loop-reduce, -loop-unswitch, -instcombine;9389;-loop-rotate, -scalarrepl-ssa, -loop-reduce, -loop-unswitch, -instcombine;5
DSP_blk_eswap16_c;3664;3664;1.000000;264.630;4164;-loop-rotate, -scalarrepl-ssa, -indvars;3664;-loop-rotate, -scalarrepl-ssa, -indvars;3
DSP_blk_eswap16_c;3664;3664;1.000000;293.910;4611;-loop-rotate, -scalarrepl-ssa, -indvars;3664;-loop-rotate, -scalarrepl-ssa, -indvars;3
DSP_blk_eswap16_c;3664;3655;1.002462;443.217;5976;-instcombine, -scalarrepl-ssa, -licm, -early-cse, -loop-rotate, -sccp, -codegenprepare, -early-cse, -indvars, -licm;3655;-instcombine, -domtree, -scalarrepl-ssa, -scalarrepl-ssa, -memdep, -licm, -early-cse, -loop-rotate, -sccp, -codegenprepare, -early-cse, -ipconstprop, -indvars, -licm, -adce;15
DSP_blk_eswap32_c;3078;3076;1.000650;211.774;3377;-scalarrepl-ssa, -loop-rotate;3076;-scalarrepl-ssa, -loop-rotate;2
DSP_blk_eswap32_c;3078;3076;1.000650;241.875;3600;-scalarrepl, -loop-rotate;3076;-scalarrepl, -loop-rotate;2
DSP_blk_eswap32_c;3078;3076;1.000650;211.823;3204;-scalarrepl-ssa, -loop-rotate;3076;-scalarrepl-ssa, -loop-rotate;2
DSP_blk_eswap64_c;2800;2798;1.000715;245.932;3587;-loop-rotate, -scalarrepl-ssa;2798;-loop-rotate, -scalarrepl-ssa;2
DSP_blk_eswap64_c;2800;2798;1.000715;194.145;3013;-loop-rotate, -scalarrepl-ssa;2798;-loop-rotate, -scalarrepl-ssa;2
DSP_blk_eswap64_c;2800;2798;1.000715;242.917;3609;-loop-rotate, -scalarrepl-ssa;2798;-loop-rotate, -scalarrepl-ssa;2
DSP_blk_move_c;907;898;1.010022;320.815;4907;-instcombine, -scalarrepl, -loop-rotate, -indvars;898;-instcombine, -scalarrepl, -loop-rotate, -indvars;4
DSP_blk_move_c;907;898;1.010022;381.553;5722;-scalarrepl-ssa, -instcombine, -loop-rotate, -indvars;898;-scalarrepl-ssa, -instcombine, -loop-rotate, -indvars, -ipsccp;5
DSP_blk_move_c;907;898;1.010022;371.623;5539;-instcombine, -loop-rotate, -scalarrepl-ssa, -indvars;898;-instcombine, -loop-rotate, -scalarrepl-ssa, -indvars;4
DSP_dotprod_c;827;827;1.000000;259.117;4316;-scalarrepl, -loop-rotate, -indvars;827;-scalarrepl, -loop-rotate, -indvars;3
DSP_dotprod_c;827;827;1.000000;255.534;4280;-scalarrepl-ssa, -loop-rotate, -indvars;827;-scalarrepl-ssa, -loop-rotate, -indvars;3
DSP_dotprod_c;827;827;1.000000;244.691;4119;-scalarrepl, -loop-rotate, -indvars;827;-scalarrepl, -loop-rotate, -indvars;3
DSP_dotp_sqr_c;2906;2906;1.000000;316.565;5028;-loop-rotate, -scalarrepl, -gvn, -indvars;2906;-loop-rotate, -scalarrepl, -gvn, -indvars;4
DSP_dotp_sqr_c;2906;2906;1.000000;318.174;5082;-loop-rotate, -scalarrepl-ssa, -gvn, -indvars;2906;-loop-rotate, -scalarrepl-ssa, -gvn, -indvars;4
DSP_dotp_sqr_c;2906;2906;1.000000;349.705;5338;-scalarrepl, -loop-rotate, -gvn, -indvars;2906;-scalarrepl, -loop-rotate, -gvn, -indvars;4
DSP_fir_cplx_c;8509;8133;1.046231;464.674;6049;-scalarrepl, -instcombine, -early-cse, -loop-rotate, -loop-unswitch, -simplifycfg, -reassociate;8133;-scalarrepl, -instcombine, -early-cse, -scev-aa, -early-cse, -basicaa, -loop-rotate, -argpromotion, -no-aa, -loop-unswitch, -simplifycfg, -lcssa, -reassociate;13
DSP_fir_cplx_c;8509;8277;1.028029;422.380;5919;-licm, -gvn, -loop-unswitch, -loop-rotate, -instcombine, -basicaa;8277;-licm, -gvn, -loop-unswitch, -loop-rotate, -instcombine, -basicaa, -loweratomic;7
DSP_fir_cplx_c;8509;8132;1.046360;504.255;6134;-scalarrepl, -instcombine, -gvn, -loop-rotate, -reassociate, -loop-unswitch, -structurizecfg, -simplifycfg;8132;-scalarrepl, -constmerge, -globaldce, -globaldce, -instcombine, -tbaa, -partial-inliner, -loop-deletion, -gvn, -globalopt, -loop-rotate, -simplifycfg, -dse, -memcpyopt, -adce, -reassociate, -scalarrepl, -scalarrepl-ssa, -loop-unswitch, -scalarizer, -structurizecfg, -constmerge, -simplifycfg, -argpromotion, -loop-simplify;25
DSP_firlms2_c;831;820;1.013415;352.992;4915;-scalarrepl, -loop-reduce, -loop-rotate;820;-scalarrepl, -loop-reduce, -loop-rotate;3
DSP_firlms2_c;831.0000000000001;821;1.012180;215.538;3185;-loop-rotate, -scalarrepl-ssa;821;-loop-rotate, -scalarrepl-ssa;2
DSP_firlms2_c;831;820;1.013415;317.878;4447;-scalarrepl, -loop-reduce, -loop-rotate;820;-scalarrepl, -loop-reduce, -loop-rotate;3
DSP_fltoq15_c;1015.0000000000001;967;1.049638;309.280;4177;-scalarrepl, -loop-rotate, -jump-threading;967;-scalarrepl, -loop-rotate, -jump-threading;3
DSP_fltoq15_c;1015.0000000000001;967;1.049638;265.972;4180;-scalarrepl, -jump-threading, -loop-rotate;967;-scalarrepl, -jump-threading, -loop-rotate;3
DSP_fltoq15_c;1015.0000000000001;967;1.049638;273.754;4338;-loop-rotate, -scalarrepl, -jump-threading;967;-loop-rotate, -scalarrepl, -jump-threading;3
DSP_mat_mul_c;53236;41010;1.298122;833.953;6150;-loop-rotate, -lowerinvoke, -scalarrepl, -loop-unswitch, -gvn, -licm, -jump-threading, -loop-extract, -loop-reduce, -loop-rotate, -loop-extract, -sink, -constmerge, -loop-unswitch, -jump-threading, -loop-rotate, -loop-extract, -loop-reduce, -jump-threading, -loop-rotate, -loop-extract, -loop-reduce, -loop-rotate, -loop-extract, -loop-reduce, -loop-rotate, -constmerge, -loop-unswitch, -loop-extract, -loop-reduce, -loop-rotate, -loop-extract, -loop-reduce, -loop-rotate, -loop-extract, -loop-unswitch, -loop-unswitch, -licm;42516;-loop-rotate, -always-inline, -lowerinvoke, -scalarrepl, -loop-unswitch, -gvn, -loweratomic, -argpromotion, -argpromotion, -gvn, -lcssa, -loweratomic, -licm, -jump-threading, -deadargelim, -mergereturn, -loop-rotate, -loop-extract, -always-inline, -loop-extract, -always-inline, -lowerinvoke, -loop-reduce, -deadargelim, -mergereturn, -loop-rotate, -always-inline, -lowerinvoke, -mergereturn, -loop-rotate, -loop-extract, -always-inline, -lowerinvoke, -constmerge, -loop-unswitch, -alloca-hoisting, -constmerge, -sink, -prune-eh, -constmerge, -loop-unswitch, -correlated-propagation, -scalarrepl-ssa, -licm, -jump-threading, -gvn, -mergereturn, -loop-rotate, -loop-extract, -always-inline, -lowerinvoke, -loop-reduce, -die, -lcssa, -loweratomic, -domfrontier, -licm, -jump-threading, -licm, -jump-threading, -deadargelim, -mergereturn, -loop-rotate, -loop-extract, -always-inline, -lowerinvoke, -loop-reduce, -deadargelim, -mergereturn, -loop-rotate, -always-inline, -mergereturn, -loop-rotate, -mergereturn, -loop-rotate, -loop-extract, -always-inline, -loop-extract, -always-inline, -lowerinvoke, -loop-reduce, -deadargelim, -mergereturn, -loop-rotate, -always-inline, -lowerinvoke, -constmerge, -loop-unswitch, -loop-rotate, -loop-extract, -always-inline, -lowerinvoke, -loop-reduce, -gvn, -lcssa, -loop-rotate, -loop-extract, -always-inline, -lowerinvoke, -loop-reduce, -deadargelim, -mergereturn, -loop-rotate, -always-inline, -mergereturn, -loop-rotate, -mergereturn, -loop-rotate, -loop-extract, -always-inline, -loop-extract, -always-inline, -lowerinvoke, -loop-unswitch, -domtree, -constmerge, -sink, -prune-eh, -constmerge, -loop-unswitch, -correlated-propagation, -scalarrepl-ssa, -licm, -mergereturn, -partial-inliner;125
DSP_mat_mul_c;53236;44202;1.204380;69295.260;6143;-loop-rotate, -scalarrepl-ssa, -loop-reduce, -loop-unswitch, -loop-extract, -gvn, -sink, -correlated-propagation, -loop-rotate, -loop-reduce, -inline, -simplifycfg, -basiccg, -loop-unswitch, -loop-extract, -sink, -loop-rotate, -partial-inliner, -always-inline, -loop-extract, -sink, -loop-rotate, -loop-reduce, -loop-extract, -argpromotion, -adce, -sink, -functionattrs, -loop-rotate, -always-inline, -loop-reduce, -simplifycfg, -loop-unswitch, -licm, -loop-unswitch, -mergefunc;44313;-correlated-propagation, -licm, -dse, -jump-threading, -inline, -ipconstprop, -argpromotion, -basicaa, -loop-rotate, -scalarrepl-ssa, -loweratomic, -correlated-propagation, -instcombine, -prune-eh, -prune-eh, -loop-reduce, -memcpyopt, -basiccg, -loop-unswitch, -loops, -constprop, -loop-extract, -lcssa, -argpromotion, -gvn, -domtree, -adce, -constmerge, -strip-dead-prototypes, -no-aa, -loop-extract, -lcssa, -argpromotion, -gvn, -domtree, -adce, -constmerge, -lowerswitch, -no-aa, -sink, -functionattrs, -scalarrepl-ssa, -correlated-propagation, -loop-rotate, -loops, -partial-inliner, -loop-reduce, -ipconstprop, -lazy-value-info, -lowerswitch, -lowerinvoke, -inline, -simplifycfg, -prune-eh, -prune-eh, -loop-reduce, -constmerge, -simplifycfg, -basiccg, -loop-unswitch, -loops, -constprop, -loop-extract, -lowerswitch, -no-aa, -sink, -functionattrs, -scalarrepl-ssa, -correlated-propagation, -loop-rotate, -partial-inliner, -loop-reduce, -always-inline, -constprop, -loop-extract, -lowerswitch, -no-aa, -sink, -correlated-propagation, -loop-rotate, -loops, -partial-inliner, -loop-reduce, -always-inline, -constprop, -loop-extract, -lcssa, -argpromotion, -gvn, -domtree, -adce, -constmerge, -lowerswitch, -no-aa, -sink, -functionattrs, -scalarrepl-ssa, -scalarrepl-ssa, -correlated-propagation, -loop-rotate, -loops, -partial-inliner, -loop-reduce, -always-inline, -basicaa, -loop-reduce, -constmerge, -simplifycfg, -loop-unswitch, -dse, -memdep, -ipconstprop, -lazy-value-info, -strip-dead-prototypes, -lowerinvoke, -basicaa, -licm, -loop-unswitch, -prune-eh, -prune-eh, -lcssa, -basiccg, -lower-expect, -mergefunc, -lazy-value-info;125
DSP_mat_mul_c;53236;42696;1.246862;2054.406;6140;-scalarrepl-ssa, -loop-reduce, -loop-rotate, -reg2mem, -licm, -loop-unswitch, -codegenprepare, -mergereturn, -loop-unswitch, -licm, -loop-rotate, -reg2mem, -licm, -loop-rotate, -reg2mem, -scalarrepl, -adce, -loop-unswitch, -loop-reduce, -loop-rotate, -reg2mem, -licm, -loop-rotate, -reg2mem, -licm, -loop-rotate, -reg2mem, -basicaa, -scalarrepl, -loop-unswitch, -adce, -loop-unswitch, -mergereturn, -loop-unswitch, -early-cse, -licm;43491;-scalarrepl-ssa, -loop-reduce, -mergereturn, -strip-dead-prototypes, -tailcallelim, -loop-rotate, -loop-rotate, -reg2mem, -no-aa, -dse, -licm, -dce, -mergefunc, -tbaa, -codegenprepare, -mergereturn, -scalar-evolution, -adce, -loop-unswitch, -tbaa, -codegenprepare, -mergereturn, -scalar-evolution, -adce, -loop-unswitch, -correlated-propagation, -mergereturn, -scalar-evolution, -adce, -loop-unswitch, -licm, -dce, -loop-rotate, -reg2mem, -no-aa, -dse, -licm, -dce, -basicaa, -mergefunc, -load-combine, -mergereturn, -loop-rotate, -reg2mem, -early-cse, -licm, -basicaa, -adce, -memdep, -mergereturn, -scalar-evolution, -adce, -loop-unswitch, -early-cse, -licm, -tailcallelim, -scalarrepl, -early-cse, -scalar-evolution, -adce, -loop-unswitch, -early-cse, -licm, -loop-reduce, -no-aa, -loop-rotate, -dce, -loop-rotate, -reg2mem, -licm, -basicaa, -dce, -loop-rotate, -reg2mem, -no-aa, -dse, -licm, -dce, -basicaa, -mergefunc, -load-combine, -loop-rotate, -reg2mem, -no-aa, -dse, -loop-unswitch, -early-cse, -licm, -basicaa, -memdep, -mergereturn, -scalar-evolution, -adce, -loop-unswitch, -early-cse, -licm, -tailcallelim, -scalarrepl, -early-cse, -scalar-evolution, -adce, -loop-unswitch, -early-cse, -licm, -tailcallelim, -scalarrepl, -adce, -memdep, -mergereturn, -adce, -loop-unswitch, -early-cse, -licm, -tailcallelim, -adce, -early-cse, -loops, -mergereturn, -adce, -loop-unswitch, -early-cse, -licm, -tailcallelim, -scalarrepl, -constmerge, -loops, -mergereturn, -correlated-propagation;128
DSP_mat_trans_c;14152.000000000002;11958;1.183475;865.997;6158;-scalarrepl, -loop-rotate, -loop-reduce, -loop-unswitch, -basiccg, -codegenprepare, -loop-extract, -loop-reduce, -loop-rotate, -functionattrs, -loop-unswitch, -argpromotion, -loop-extract, -globalopt, -sccp, -loop-reduce, -loop-rotate, -loop-extract, -die, -loop-reduce, -loop-rotate, -loop-unswitch, -globalopt, -loop-extract, -loop-reduce, -loop-rotate, -loop-reduce, -loop-unswitch, -deadargelim, -loop-extract;11958;-codegenprepare, -lowerinvoke, -instcombine, -scalarrepl, -scalarrepl, -domtree, -sccp, -loop-rotate, -constprop, -sccp, -loop-reduce, -scalarrepl-ssa, -functionattrs, -scalar-evolution, -reassociate, -early-cse, -loop-unswitch, -deadargelim, -scalarrepl, -basiccg, -codegenprepare, -lowerinvoke, -loop-extract, -die, -loweratomic, -globalopt, -constprop, -sccp, -loop-reduce, -instsimplify, -constprop, -lowerinvoke, -loop-deletion, -loop-rotate, -deadargelim, -die, -sroa, -loop-instsimplify, -loop-extract, -die, -loweratomic, -loop-rotate, -globaldce, -functionattrs, -scalar-evolution, -reassociate, -loops, -early-cse, -loop-unswitch, -deadargelim, -scalarrepl, -basiccg, -codegenprepare, -lowerinvoke, -loop-unroll, -loop-deletion, -scalarrepl-ssa, -argpromotion, -loop-instsimplify, -loop-extract, -die, -loweratomic, -globalopt, -constprop, -sccp, -loop-reduce, -instsimplify, -constprop, -lowerinvoke, -objc-arc, -loop-deletion, -loop-rotate, -deadargelim, -die, -argpromotion, -loop-instsimplify, -loop-extract, -die, -loweratomic, -globalopt, -constprop, -loop-reduce, -instsimplify, -constprop, -memdep, -loop-deletion, -scalar-evolution, -loop-rotate, -loop-unswitch, -globalopt, -loop-extract, -loop-extract, -die, -loweratomic, -globalopt, -constprop, -loop-reduce, -loop-rotate, -deadargelim, -loweratomic, -globalopt, -constprop, -loop-reduce, -instsimplify, -constprop, -lowerinvoke, -loop-deletion, -scalar-evolution, -loop-rotate, -reassociate, -loop-unroll, -early-cse, -loop-unswitch, -loop-rotate, -deadargelim, -loop-instsimplify, -lazy-value-info, -argpromotion, -loop-instsimplify, -loop-extract, -loop-reduce, -scalarrepl-ssa, -prune-eh;123
DSP_mat_trans_c;14152.000000000002;12984;1.089957;514.774;6015;-codegenprepare, -loop-rotate, -scalarrepl-ssa, -mergereturn, -loop-unswitch, -prune-eh, -early-cse, -delinearize, -loop-extract, -prune-eh, -instcombine;12984;-targetlibinfo, -codegenprepare, -loop-rotate, -lazy-value-info, -sroa, -scalarrepl-ssa, -mergereturn, -loop-unswitch, -prune-eh, -early-cse, -loop-rotate, -targetlibinfo, -delinearize, -targetlibinfo, -loop-extract, -loop-unswitch, -prune-eh, -early-cse, -instcombine, -indvars;20
DSP_mat_trans_c;14152;12887;1.098161;610.944;6149;-simplifycfg, -loop-rotate, -scalarrepl, -reg2mem, -instcombine, -early-cse, -loop-unswitch, -loop-reduce, -scalarrepl, -simplifycfg, -loop-reduce, -loop-deletion;12887;-simplifycfg, -loop-simplify, -memcpyopt, -ipsccp, -loop-rotate, -instcombine, -scalarrepl, -reg2mem, -instcombine, -always-inline, -strip-dead-prototypes, -lowerswitch, -loop-reduce, -mergereturn, -early-cse, -targetlibinfo, -partial-inliner, -dce, -loop-simplify, -reassociate, -loop-unswitch, -no-aa, -loop-reduce, -lowerinvoke, -instsimplify, -scalarrepl, -gvn, -simplifycfg, -partial-inliner, -loop-reduce, -gvn, -instsimplify, -loop-deletion;33
DSP_maxidx_c;1666;1097;1.518687;195.396;3448;-loop-rotate, -scalarrepl-ssa;1097;-loop-rotate, -scalarrepl-ssa;2
DSP_maxidx_c;1666;1097;1.518687;187.852;3325;-loop-rotate, -scalarrepl-ssa;1097;-loop-rotate, -scalarrepl-ssa;2
DSP_maxidx_c;1666;1097;1.518687;231.563;3892;-loop-rotate, -scalarrepl-ssa;1097;-loop-rotate, -scalarrepl-ssa;2
DSP_maxval_c;1280;1082;1.182994;174.328;3146;-loop-rotate, -sroa;1082;-loop-rotate, -sroa;1
DSP_maxval_c;1280;1082;1.182994;183.973;3298;-loop-rotate, -scalarrepl;1082;-loop-rotate, -scalarrepl;2
DSP_maxval_c;1280;1082;1.182994;191.697;3433;-loop-rotate, -scalarrepl-ssa;1082;-loop-rotate, -scalarrepl-ssa;2
DSP_minerror_c;25844;25834;1.000387;465.591;5793;-scalarrepl-ssa, -loop-rotate, -loop-reduce, -indvars, -loop-unroll;25834;-scalarrepl-ssa, -loop-rotate, -loop-reduce, -indvars, -loop-unroll;5
DSP_minerror_c;25844;25834;1.000387;504.924;6011;-gvn, -indvars, -loop-rotate, -loop-reduce, -instcombine, -loop-unroll, -basicaa;25834;-gvn, -indvars, -loop-rotate, -domtree, -loop-reduce, -lowerinvoke, -instcombine, -loop-unroll, -basicaa, -loops, -memcpyopt;11
DSP_minerror_c;25844;25834;1.000387;465.739;5768;-scalarrepl-ssa, -loop-reduce, -loop-rotate, -loop-unroll, -indvars;25834;-scalarrepl-ssa, -loop-reduce, -loop-rotate, -loop-unroll, -indvars;5
DSP_minval_c;1285;1079;1.190918;256.756;4379;-loop-rotate, -scalarrepl, -indvars;1079;-loop-rotate, -scalarrepl, -indvars;3
DSP_minval_c;1285;1079;1.190918;247.001;4269;-loop-rotate, -scalarrepl, -indvars;1079;-loop-rotate, -scalarrepl, -indvars;3
DSP_minval_c;1285;1079;1.190918;211.193;3682;-scalarrepl, -loop-rotate, -indvars;1079;-scalarrepl, -loop-rotate, -indvars;3
DSP_mul32_c;10567;10567;1.000000;286.816;4202;-scalarrepl-ssa, -loop-rotate, -indvars;10567;-scalarrepl-ssa, -loop-rotate, -indvars;3
DSP_mul32_c;10567;10567;1.000000;276.278;4096;-loop-rotate, -scalarrepl, -indvars;10567;-loop-rotate, -scalarrepl, -indvars;3
DSP_mul32_c;10567;10567;1.000000;287.907;4225;-loop-rotate, -scalarrepl, -indvars;10567;-loop-rotate, -scalarrepl, -indvars;3
DSP_neg32_c;17;17;1.000000;185.706;3105;-scalarrepl-ssa, -inline;17;-scalarrepl-ssa, -inline;2
DSP_neg32_c;17;17;1.000000;194.828;3228;-inline, -scalarrepl;17;-inline, -scalarrepl;2
DSP_neg32_c;17;17;1.000000;2882.188;3596;-inline, -scalarrepl;17;-inline, -scalarrepl;2
DSP_q15tofl_c;676;676;1.000000;289.229;4599;-instcombine, -scalarrepl, -loop-rotate, -indvars;676;-instcombine, -scalarrepl, -loop-rotate, -indvars;4
DSP_q15tofl_c;676;676;1.000000;301.696;4803;-instcombine, -scalarrepl-ssa, -loop-rotate, -indvars;676;-instcombine, -scalarrepl-ssa, -loop-rotate, -indvars;4
DSP_q15tofl_c;676;676;1.000000;310.652;5143;-loop-rotate, -instcombine, -scalarrepl, -indvars;676;-loop-rotate, -instcombine, -scalarrepl, -indvars;4
DSP_vecsumsq_c;3887.9999999999995;3887;1.000257;226.572;3867;-loop-rotate, -scalarrepl-ssa;3887;-loop-rotate, -scalarrepl-ssa;2
DSP_vecsumsq_c;3887.9999999999995;3887;1.000257;241.090;3592;-scalarrepl, -loop-rotate;3887;-scalarrepl, -loop-rotate, -load-combine;2
DSP_vecsumsq_c;3887.9999999999995;3887;1.000257;207.334;3401;-scalarrepl, -loop-rotate;3887;-scalarrepl, -loop-rotate;2
DSP_w_vec_c;6190;6190;1.000000;272.873;4052;-loop-rotate, -scalarrepl, -indvars;6190;-loop-rotate, -scalarrepl, -indvars;3
DSP_w_vec_c;6190;6190;1.000000;348.208;4717;-loop-rotate, -scalarrepl, -indvars;6190;-loop-rotate, -scalarrepl, -indvars;3
DSP_w_vec_c;6190;6190;1.000000;329.214;4626;-scalarrepl, -loop-rotate, -indvars;6190;-scalarrepl, -loop-rotate, -indvars;3
IMG_boundary_c;9320;9308;1.001289;562.500;6065;-loop-rotate, -scalarrepl-ssa, -licm, -loop-unswitch, -structurizecfg, -simplifycfg;9308;-basiccg, -loop-rotate, -domtree, -scalarrepl-ssa, -licm, -loop-unswitch, -ipsccp, -simplifycfg, -structurizecfg, -scalar-evolution, -simplifycfg, -loop-unswitch, -correlated-propagation;13
IMG_boundary_c;9320;9318;1.000215;522.108;5839;-scalarrepl, -licm, -loop-rotate, -loop-unswitch, -instcombine, -loop-deletion;9318;-scalarrepl, -licm, -loop-rotate, -loop-unswitch, -instcombine, -loop-deletion, -licm;7
IMG_boundary_c;9320;9318;1.000215;486.651;5613;-scalarrepl, -loop-rotate, -loop-unswitch, -licm, -simplifycfg, -loop-deletion;9318;-scalarrepl, -loop-rotate, -loop-unswitch, -licm, -simplifycfg, -loop-deletion;6
IMG_conv_3x3_c;25268.999999999996;24501;1.031346;442.514;4902;-loop-rotate, -scalarrepl, -loop-unroll, -gvn;24501;-loop-rotate, -scalarrepl, -loop-unroll, -gvn;4
IMG_conv_3x3_c;25269;24451;1.033455;655.685;6137;-instcombine, -jump-threading, -licm, -loop-rotate, -instcombine, -licm, -loop-unroll, -loop-reduce, -licm, -indvars, -loop-reduce, -basicaa, -gvn;24451;-instcombine, -deadargelim, -loop-instsimplify, -memcpyopt, -jump-threading, -loop-idiom, -lower-expect, -licm, -loop-unswitch, -loop-idiom, -lower-expect, -licm, -lower-expect, -loop-rotate, -functionattrs, -prune-eh, -scalar-evolution, -basicaa, -dce, -instcombine, -deadargelim, -licm, -loop-unswitch, -mergefunc, -scalar-evolution, -tailcallelim, -basicaa, -loop-reduce, -lower-expect, -constprop, -functionattrs, -loop-unroll, -lazy-value-info, -loop-reduce, -licm, -inline, -scalar-evolution, -basicaa, -dce, -indvars, -basicaa, -loop-reduce, -prune-eh, -basicaa, -basicaa, -targetlibinfo, -ipsccp, -functionattrs, -scalar-evolution, -basicaa, -inline, -constprop, -gvn, -loop-unroll, -sccp, -die, -correlated-propagation;57
IMG_conv_3x3_c;25268.999999999996;24750;1.020970;375.614;4449;-scalarrepl-ssa, -loop-rotate, -jump-threading, -loop-unroll;24750;-scalarrepl-ssa, -loop-rotate, -jump-threading, -loop-unroll;4
IMG_corr_gen_c;128110;74212;1.726271;3514.984;6161;-scalarrepl, -loop-rotate, -gvn, -instcombine, -constmerge, -loop-reduce, -loop-rotate, -loop-unswitch, -loop-extract, -loop-reduce, -jump-threading, -loop-rotate, -loop-unswitch, -constmerge, -loop-unswitch, -loop-extract, -instcombine, -loop-reduce, -loop-rotate, -loop-reduce, -basiccg, -loop-extract, -jump-threading, -instcombine, -loop-unswitch, -globalopt;74223;-scalarrepl, -partial-inliner, -scalarrepl, -partial-inliner, -scalarrepl, -loop-rotate, -targetlibinfo, -gvn, -instcombine, -deadargelim, -basiccg, -scalarrepl-ssa, -constmerge, -loop-reduce, -loop-rotate, -tbaa, -tbaa, -loop-unswitch, -loop-extract, -constmerge, -tbaa, -loop-unswitch, -loop-extract, -constmerge, -mergereturn, -loop-reduce, -mergereturn, -loop-reduce, -inline-cost, -jump-threading, -instcombine, -ipsccp, -instsimplify, -argpromotion, -loop-reduce, -loop-rotate, -tbaa, -basiccg, -scalarrepl-ssa, -instsimplify, -tbaa, -loop-unswitch, -constmerge, -loop-reduce, -loop-rotate, -tbaa, -tbaa, -loop-unswitch, -constmerge, -loop-reduce, -loop-rotate, -tbaa, -tbaa, -loop-unswitch, -loop-extract, -constmerge, -mergereturn, -loop-reduce, -inline-cost, -loop-reduce, -instcombine, -ipsccp, -instsimplify, -argpromotion, -loop-reduce, -loop-rotate, -tbaa, -basiccg, -instsimplify, -argpromotion, -loop-reduce, -loop-rotate, -tbaa, -basiccg, -scalarrepl-ssa, -loop-unswitch, -loop-extract, -constmerge, -mergereturn, -loop-reduce, -inline-cost, -jump-threading, -loop-reduce, -loop-rotate, -tbaa, -jump-threading, -instcombine, -ipsccp, -instsimplify, -argpromotion, -loop-reduce, -always-inline, -loop-rotate, -tbaa, -basiccg, -scalarrepl-ssa, -tbaa, -scalarrepl-ssa, -tbaa, -loop-unswitch, -globalopt, -tbaa;102
IMG_corr_gen_c;128109.99999999999;96280;1.330598;1002.113;6157;-loop-rotate, -scalarrepl, -loop-extract, -loop-reduce, -gvn, -instcombine, -loop-rotate, -inline, -loop-extract, -loop-reduce, -loop-rotate, -globalopt, -loop-reduce, -loop-rotate, -inline, -loop-extract, -loop-reduce, -loop-unswitch, -loop-rotate, -globalopt, -loop-reduce, -loop-unswitch, -instcombine, -ipsccp, -loop-rotate, -inline, -loop-unswitch, -loop-unswitch;100520;-early-cse, -always-inline, -indvars, -lower-expect, -loop-rotate, -dce, -prune-eh, -scalarrepl, -mergereturn, -loop-extract, -scalarrepl-ssa, -mergereturn, -loop-extract, -scalarrepl-ssa, -gvn, -adce, -instsimplify, -globalopt, -loop-reduce, -partial-inliner, -gvn, -instcombine, -globalopt, -mergereturn, -ipsccp, -dce, -basicaa, -loop-rotate, -inline, -memcpyopt, -sink, -loweratomic, -reassociate, -tbaa, -die, -die, -prune-eh, -mergereturn, -loop-extract, -loop-rotate, -globalopt, -loop-reduce, -partial-inliner, -early-cse, -memcpyopt, -scalarrepl-ssa, -basicaa, -loop-rotate, -inline, -memcpyopt, -sink, -loweratomic, -reassociate, -no-aa, -loop-extract, -loop-rotate, -memcpyopt, -adce, -instsimplify, -globalopt, -loop-reduce, -partial-inliner, -early-cse, -memcpyopt, -scalarrepl-ssa, -basicaa, -loop-rotate, -inline, -memcpyopt, -sink, -loweratomic, -reassociate, -no-aa, -die, -die, -prune-eh, -mergereturn, -loop-extract, -loop-rotate, -memcpyopt, -scalarrepl-ssa, -loop-rotate, -memcpyopt, -instsimplify, -globalopt, -loop-reduce, -partial-inliner, -early-cse, -basiccg, -memdep, -loop-unswitch, -scalarrepl-ssa, -loop-rotate, -memcpyopt, -scalarrepl-ssa, -instsimplify, -globalopt, -loop-reduce, -partial-inliner, -early-cse, -basiccg, -memdep, -loop-unswitch, -instcombine, -globalopt, -mergereturn, -ipsccp, -dce, -scalarrepl-ssa, -basicaa, -loop-rotate, -inline, -memcpyopt, -lowerinvoke, -constprop, -scalar-evolution, -lcssa, -loop-unswitch, -scalar-evolution, -lcssa, -scalar-evolution, -lcssa, -loop-unswitch, -loop-idiom;124
IMG_corr_gen_c;128110;74632;1.716556;839.330;5693;-scalarrepl-ssa, -loop-reduce, -loop-unswitch, -loop-rotate, -indvars, -instcombine, -structurizecfg, -gvn, -loop-extract;74661;-scalarrepl-ssa, -inline, -loop-rotate, -globalopt, -loop-reduce, -loop-unswitch, -loop-rotate, -indvars, -instcombine, -structurizecfg, -lowerswitch, -gvn, -loop-idiom, -loop-extract;14
IMG_dilate_bin_c;5436;5436;1.000000;363.074;5133;-scalarrepl, -simplifycfg, -instcombine, -loop-rotate;5436;-scalarrepl, -simplifycfg, -instcombine, -loop-rotate;4
IMG_dilate_bin_c;5436;5436;1.000000;340.340;5012;-scalarrepl-ssa, -simplifycfg, -instcombine, -loop-rotate;5436;-scalarrepl-ssa, -simplifycfg, -instcombine, -loop-rotate;4
IMG_dilate_bin_c;5436;5435;1.000184;463.062;6036;-gvn, -simplifycfg, -loop-rotate, -instcombine, -basicaa, -sink;5435;-gvn, -simplifycfg, -targetlibinfo, -loop-rotate, -instcombine, -basicaa, -sink;7
IMG_erode_bin_c;4186;4186;1.000000;384.583;5018;-loop-rotate, -scalarrepl, -loop-instsimplify, -simplifycfg;4186;-loop-rotate, -scalarrepl, -loop-instsimplify, -simplifycfg;4
IMG_erode_bin_c;4186;4186;1.000000;342.373;4695;-scalarrepl-ssa, -simplifycfg, -loop-rotate, -instcombine;4186;-scalarrepl-ssa, -simplifycfg, -loop-rotate, -instcombine;4
IMG_erode_bin_c;4186;4050;1.033580;455.524;5997;-basicaa, -loop-rotate, -gvn, -licm, -simplifycfg, -scalarrepl, -licm;4050;-basicaa, -loop-rotate, -gvn, -licm, -simplifycfg, -tailcallelim, -scalarrepl, -inline, -licm;9
IMG_fdct_8x8_c;20141;16677;1.207711;665.707;6135;-instcombine, -scalarrepl, -instcombine, -indvars, -loop-rotate, -gvn, -loop-reduce, -lower-expect, -loop-reduce, -loop-unroll, -loop-reduce;16677;-instcombine, -deadargelim, -scalarrepl, -no-aa, -memcpyopt, -deadargelim, -instcombine, -strip-dead-prototypes, -indvars, -constprop, -inline, -scalar-evolution, -targetlibinfo, -loop-idiom, -correlated-propagation, -loop-rotate, -basiccg, -gvn, -argpromotion, -jump-threading, -mergereturn, -jump-threading, -mergereturn, -scalar-evolution, -loop-reduce, -inline, -lower-expect, -loop-reduce, -loop-unroll, -loop-reduce, -constmerge;31
IMG_fdct_8x8_c;20141;17148;1.174539;478.901;5364;-instcombine, -scalarrepl, -loop-rotate, -instcombine, -gvn;17148;-instcombine, -scalarrepl, -loop-rotate, -instcombine, -gvn;5
IMG_fdct_8x8_c;20141;16867;1.194107;571.081;5968;-instcombine, -scalarrepl-ssa, -simplifycfg, -loop-rotate, -instcombine, -gvn, -instcombine, -loop-reduce, -simplifycfg, -indvars;16867;-deadargelim, -instcombine, -scalarrepl-ssa, -simplifycfg, -loop-rotate, -deadargelim, -instcombine, -basicaa, -gvn, -constmerge, -instcombine, -loop-reduce, -simplifycfg, -indvars;14
IMG_idct_8x8_12q4_c;24268;21873;1.109496;503.181;5252;-early-cse, -scalarrepl-ssa, -instcombine, -indvars, -early-cse, -loop-rotate, -loop-reduce;21873;-early-cse, -scalarrepl-ssa, -instcombine, -indvars, -early-cse, -loop-rotate, -loop-reduce;7
IMG_idct_8x8_12q4_c;24267.999999999996;21872;1.109546;660.270;6082;-early-cse, -scalarrepl-ssa, -instcombine, -indvars, -loop-reduce, -loop-rotate, -loop-reduce;21872;-early-cse, -scalarrepl-ssa, -instcombine, -divergence, -indvars, -constprop, -scalarrepl, -functionattrs, -loop-reduce, -loop-rotate, -constprop, -scalarrepl, -functionattrs, -loop-reduce, -loop-unroll, -constmerge;16
IMG_idct_8x8_12q4_c;24267.999999999996;22471;1.079970;648.992;6019;-instcombine, -scalarrepl, -early-cse, -instcombine, -loop-rotate, -loop-reduce, -indvars, -loop-reduce;22471;-instcombine, -scalarrepl, -early-cse, -die, -instcombine, -loop-rotate, -loop-reduce, -indvars, -loop-reduce;9
IMG_mad_8x8_c;10132;9859;1.027690;546.305;6119;-scalarrepl-ssa, -indvars, -codegenprepare, -basiccg, -loop-rotate, -loop-unswitch, -sccp, -loop-deletion, -reassociate, -licm, -loop-unroll, -instcombine;9859;-scalarrepl-ssa, -targetlibinfo, -dse, -indvars, -codegenprepare, -basiccg, -loop-rotate, -dse, -dse, -loop-unswitch, -sccp, -sink, -loop-deletion, -lowerinvoke, -deadargelim, -strip-dead-prototypes, -reassociate, -tbaa, -licm, -loop-unroll, -instcombine, -memdep, -sccp;23
IMG_mad_8x8_c;10132;9847;1.028943;519.756;6125;-instcombine, -reassociate, -loop-rotate, -ipconstprop, -codegenprepare, -scalarrepl-ssa, -loop-reduce, -loop-unroll, -loop-reduce, -loop-unswitch, -indvars;9847;-instcombine, -simplifycfg, -reassociate, -loop-rotate, -sccp, -loop-instsimplify, -ipconstprop, -codegenprepare, -loop-reduce, -scalarrepl-ssa, -loop-rotate, -sccp, -argpromotion, -loop-unroll, -loop-reduce, -ipconstprop, -prune-eh, -mergefunc, -loop-unroll, -loop-reduce, -loop-unswitch, -no-aa, -globalopt, -indvars, -scalarrepl;25
IMG_mad_8x8_c;10132;9852;1.028421;774.131;6138;-loop-rotate, -licm, -sccp, -loop-unswitch, -simplifycfg, -reassociate, -indvars, -codegenprepare, -loop-reduce, -loop-unroll, -dse, -instcombine, -memcpyopt, -basicaa, -scalarrepl;9852;-loop-rotate, -loops, -licm, -globalopt, -sccp, -scalar-evolution, -mergereturn, -loop-unswitch, -jump-threading, -simplifycfg, -ipconstprop, -reassociate, -objc-arc, -ipconstprop, -indvars, -ipsccp, -always-inline, -constmerge, -loop-instsimplify, -memdep, -inline, -codegenprepare, -loop-simplify, -loop-reduce, -loop-unroll, -licm, -dse, -partial-inliner, -instcombine, -strip-dead-prototypes, -memcpyopt, -instsimplify, -dse, -partial-inliner, -lowerswitch, -deadargelim, -basicaa, -scalarrepl, -postdomtree, -globalopt, -memdep, -lower-expect, -memcpyopt;43
IMG_median_3x3_c;35291;30278;1.165566;251.717;3259;-loop-rotate, -scalarrepl;30278;-loop-rotate, -scalarrepl;2
IMG_median_3x3_c;35291;30278;1.165566;322.464;3828;-loop-rotate, -scalarrepl;30278;-loop-rotate, -scalarrepl;2
IMG_median_3x3_c;35291;30278;1.165566;317.999;3480;-loop-rotate, -scalarrepl;30278;-loop-rotate, -scalarrepl;2
IMG_perimeter_c;40037;28288;1.415335;382.459;4593;-scalarrepl, -loop-reduce, -loop-rotate;28288;-scalarrepl, -loop-reduce, -loop-rotate;3
IMG_perimeter_c;40037;28301;1.414685;473.622;5316;-scalarrepl-ssa, -loop-reduce, -mergereturn, -loop-reduce, -loop-rotate;28301;-scalarrepl-ssa, -loop-reduce, -mergereturn, -loop-reduce, -loop-rotate;5
IMG_perimeter_c;40037;28288;1.415335;417.971;4852;-scalarrepl, -loop-reduce, -loop-rotate;28288;-scalarrepl, -loop-reduce, -loop-rotate;3
IMG_pix_expand_c;12323;11306;1.089952;252.590;3333;-loop-rotate, -scalarrepl;11306;-loop-rotate, -scalarrepl;2
IMG_pix_expand_c;12323;11306;1.089952;250.551;3350;-loop-rotate, -scalarrepl;11306;-loop-rotate, -scalarrepl;2
IMG_pix_expand_c;12323;11306;1.089952;245.154;3297;-loop-rotate, -scalarrepl-ssa;11306;-loop-rotate, -scalarrepl-ssa;2
IMG_pix_sat_c;22589.000000000004;21567;1.047387;269.321;3298;-loop-rotate, -scalarrepl-ssa;21567;-loop-rotate, -scalarrepl-ssa;1
IMG_pix_sat_c;22589.000000000004;21567;1.047387;306.926;3861;-scalarrepl, -loop-rotate;21567;-scalarrepl, -loop-rotate;2
IMG_pix_sat_c;22589.000000000004;21567;1.047387;242.863;3134;-loop-rotate, -scalarrepl;21567;-loop-rotate, -scalarrepl;2
IMG_quantize_c;2008;2008;1.000000;384.639;5775;-scalarrepl, -loop-rotate, -indvars, -loop-unswitch, -instcombine, -correlated-propagation;2008;-scalarrepl, -loop-rotate, -indvars, -loop-unswitch, -instcombine, -correlated-propagation;6
IMG_quantize_c;2008;2034;0.987217;288.997;4595;-scalarrepl-ssa, -loop-rotate, -loop-unswitch;2034;-scalarrepl-ssa, -loop-rotate, -loop-unswitch;3
IMG_quantize_c;2008;2008;1.000000;323.480;5034;-scalarrepl, -loop-rotate, -indvars, -instcombine, -early-cse;2008;-scalarrepl, -loop-rotate, -indvars, -instcombine, -early-cse;5
IMG_sad_16x16_c;4643;3041;1.526800;460.556;6100;-scalarrepl, -indvars, -loop-rotate, -loop-reduce, -reassociate, -loop-unroll, -loop-reduce, -instcombine;3041;-scalarrepl, -indvars, -loop-rotate, -ipsccp, -gvn, -cfl-aa, -domtree, -loop-reduce, -reassociate, -always-inline, -early-cse, -loop-unroll, -inline, -domtree, -loop-reduce, -instcombine, -adce;17
IMG_sad_16x16_c;4643;3041;1.526800;442.672;5951;-scalarrepl, -reassociate, -loop-reduce, -loop-rotate, -indvars, -loop-unroll, -loop-reduce, -instcombine;3041;-basiccg, -scalarrepl, -reassociate, -loop-reduce, -loop-rotate, -indvars, -loop-unroll, -loop-reduce, -instcombine, -memcpyopt;10
IMG_sad_16x16_c;4643;3039;1.527805;488.120;6125;-scalarrepl, -reassociate, -loop-rotate, -loop-reduce, -loop-unroll, -codegenprepare, -ipconstprop, -instcombine;3039;-loop-unroll, -correlated-propagation, -scalarrepl, -loop-deletion, -loop-unswitch, -reassociate, -lazy-value-info, -loop-rotate, -tailcallelim, -loop-instsimplify, -lowerswitch, -instsimplify, -loop-reduce, -loop-unswitch, -loop-unroll, -codegenprepare, -ipconstprop, -scalar-evolution, -instcombine, -loop-reduce, -ipsccp, -adce;22
IMG_sad_8x8_c;878;878;1.000000;392.885;5953;-scalarrepl-ssa, -instcombine, -reassociate, -loop-rotate, -loop-unroll;878;-scalarrepl-ssa, -scalar-evolution, -instcombine, -reassociate, -loop-rotate, -loop-unroll, -lowerinvoke;7
IMG_sad_8x8_c;878;877;1.001140;429.728;6040;-loop-rotate, -scalarrepl-ssa, -reassociate, -loop-reduce, -loop-unroll, -partial-inliner, -codegenprepare, -instcombine;877;-memcpyopt, -loop-rotate, -loop-deletion, -scalarrepl-ssa, -basicaa, -reassociate, -targetlibinfo, -loop-reduce, -loop-unroll, -partial-inliner, -codegenprepare, -instcombine, -loop-rotate;13
IMG_sad_8x8_c;878;878;1.000000;316.791;5136;-loop-rotate, -instcombine, -reassociate, -scalarrepl, -loop-unroll;878;-loop-rotate, -instcombine, -reassociate, -scalarrepl, -loop-unroll;5
IMG_sobel_c;14187.000000000002;12655;1.121059;535.238;6138;-loop-rotate, -reassociate, -reassociate, -instcombine, -gvn, -simplifycfg, -instcombine, -gvn, -reassociate, -scalarrepl-ssa, -indvars;12655;-loop-rotate, -adce, -globalopt, -partial-inliner, -reassociate, -early-cse, -loop-unswitch, -reassociate, -domtree, -loop-deletion, -lower-expect, -instcombine, -memcpyopt, -gvn, -globaldce, -simplifycfg, -loweratomic, -instcombine, -loops, -gvn, -instsimplify, -scalar-evolution, -loop-unroll, -loop-unroll, -reassociate, -scalarrepl-ssa, -loop-simplify, -memdep, -indvars, -globaldce, -sccp, -loop-unswitch, -constprop;33
IMG_sobel_c;14186.999999999998;12496;1.135323;570.603;6140;-scalarrepl, -simplifycfg, -reassociate, -loop-rotate, -indvars, -licm, -reassociate, -extract-blocks, -instcombine, -simplifycfg, -inline;12504;-adce, -ipsccp, -loop-rotate, -ipsccp, -loweratomic, -memcpyopt, -loop-rotate, -ipsccp, -indvars, -scalarrepl, -inline, -lower-expect, -lowerswitch, -loop-unswitch, -prune-eh, -simplifycfg, -reassociate, -memcpyopt, -loop-rotate, -ipsccp, -indvars, -scalarrepl, -lower-expect, -constprop, -globaldce, -argpromotion, -tailcallelim, -licm, -lowerswitch, -lazy-value-info, -loop-unswitch, -prune-eh, -reassociate, -memcpyopt, -loop-deletion, -basicaa, -globalopt, -constprop, -instcombine, -strip-dead-prototypes, -extract-blocks, -memcpyopt, -mergefunc, -functionattrs, -strip-dead-prototypes, -ipconstprop, -globalopt, -mergefunc, -globalopt, -mergefunc, -partial-inliner, -globaldce, -instcombine, -strip-dead-prototypes, -sink, -simplifycfg, -partial-inliner, -tailcallelim, -inline, -loop-deletion, -loop-instsimplify, -tbaa, -jump-threading, -memcpyopt, -loop-unswitch, -basicaa;66
IMG_sobel_c;14186.999999999998;12791;1.109139;447.724;5914;-reassociate, -reassociate, -scalarrepl-ssa, -loop-rotate, -gvn, -loop-reduce, -instcombine, -gvn;12791;-basiccg, -reassociate, -reassociate, -scalarrepl-ssa, -loop-rotate, -gvn, -loop-reduce, -instcombine, -gvn, -mergereturn;10
IMG_wave_horz_c;99866;99454;1.004143;819.592;6125;-loop-rotate, -scalarrepl, -early-cse, -loop-unroll, -indvars, -instcombine, -simplifycfg, -loop-reduce, -early-cse, -structurizecfg;99454;-codegenprepare, -lcssa, -correlated-propagation, -loop-rotate, -scalarrepl, -loop-instsimplify, -always-inline, -early-cse, -no-aa, -loop-unroll, -adce, -loop-unroll, -instcombine, -indvars, -always-inline, -instcombine, -memdep, -basiccg, -simplifycfg, -globaldce, -adce, -constprop, -adce, -loop-reduce, -early-cse, -mergefunc, -structurizecfg, -functionattrs;28
IMG_wave_horz_c;99866;99723;1.001434;747.979;5961;-scalarrepl-ssa, -loop-rotate, -loop-unroll, -indvars, -instcombine, -loop-reduce, -jump-threading, -gvn;99723;-scalarrepl-ssa, -strip-nondebug, -loop-rotate, -lower-expect, -loop-unroll, -indvars, -instcombine, -loop-reduce, -jump-threading, -gvn;10
IMG_wave_horz_c;99866;99471;1.003971;634.028;5328;-loop-rotate, -scalarrepl, -loop-unroll, -indvars, -instcombine;99471;-loop-rotate, -scalarrepl, -loop-unroll, -indvars, -instcombine;5
IMG_wave_vert_c;5185;5164;1.004067;394.978;5729;-scalarrepl, -loop-rotate, -gvn, -jump-threading, -loop-unroll, -gvn, -indvars;5164;-scalarrepl, -loop-rotate, -gvn, -jump-threading, -loop-unroll, -gvn, -indvars;7
IMG_wave_vert_c;5185;5164;1.004067;401.455;5625;-loop-rotate, -scalarrepl-ssa, -loop-unroll, -gvn, -simplifycfg, -indvars, -early-cse;5164;-loop-rotate, -scalarrepl-ssa, -loop-unroll, -gvn, -simplifycfg, -indvars, -early-cse, -lazy-value-info;8
IMG_wave_vert_c;5185;5164;1.004067;422.311;6005;-scalarrepl-ssa, -loop-rotate, -early-cse, -loop-unroll, -simplifycfg, -gvn, -indvars;5164;-scalarrepl-ssa, -loop-rotate, -loop-unswitch, -early-cse, -loop-unroll, -simplifycfg, -gvn, -indvars, -sink;9
IMG_ycbcr422p_rgb565_c;5010;4483;1.117555;266.126;4203;-scalarrepl, -sink, -loop-rotate;4483;-scalarrepl, -sink, -loop-rotate, -instsimplify;3
IMG_ycbcr422p_rgb565_c;5010;4483;1.117555;329.445;4959;-scalarrepl, -sink, -loop-rotate;4483;-scalarrepl, -sink, -loop-rotate;3
IMG_ycbcr422p_rgb565_c;5010;4483;1.117555;248.887;4005;-scalarrepl-ssa, -sink, -loop-rotate;4483;-scalarrepl-ssa, -sink, -loop-rotate;3
IMG_yc_demux_be16_c;578;574;1.006969;1034.710;5896;-loop-rotate, -licm, -basicaa, -loop-reduce, -scalarrepl, -indvars, -die;574;-loop-rotate, -licm, -basicaa, -loop-reduce, -scalarrepl, -indvars, -licm, -die;8
IMG_yc_demux_be16_c;578;578;1.000000;285.981;4636;-scalarrepl, -loop-rotate, -indvars;578;-scalarrepl, -loop-rotate, -indvars;3
IMG_yc_demux_be16_c;578;574;1.006969;435.253;5724;-loop-rotate, -licm, -loop-reduce, -basicaa, -scalarrepl-ssa, -jump-threading, -indvars;574;-loop-rotate, -licm, -loop-reduce, -basicaa, -scalarrepl-ssa, -jump-threading, -indvars;7
IMG_yc_demux_le16_c;578;561;1.030303;370.948;5478;-scalarrepl, -reassociate, -slsr, -loop-rotate, -indvars;561;-scalarrepl, -reassociate, -slsr, -loop-rotate, -indvars;5
IMG_yc_demux_le16_c;578;578;1.000000;297.112;4577;-scalarrepl, -loop-rotate, -indvars;578;-scalarrepl, -loop-rotate, -indvars;3
IMG_yc_demux_le16_c;578;578;1.000000;286.267;4441;-scalarrepl, -loop-rotate, -indvars;578;-scalarrepl, -loop-rotate, -indvars;3
